Task time:,188.6616973876953
Urls,Visited count
https://www.lirmm.fr/,3
http://www.lirmm.fr/recherche/departements/rob,1
http://www.lirmm.fr/recherche/plateformes/plateforme-robotique,1
http://www.lirmm.fr/recherche/equipes,1
http://www.lirmm.fr/recherche/departements/mic,1
http://www.lirmm.fr/recherche/plateformes/plateforme-microelectronique,1
http://www.lirmm.fr/le-lirmm/emplois,1
http://www.lirmm.fr/le-lirmm/presentation,1
http://www.lirmm.fr/recherche/departements/info,1
http://www.lirmm.fr/recherche/plateformes/plateforme-informatique,1
https://www.lirmm.fr/lirmm_admin,10
http://www.lirmm.fr/recherche/equipes/camin,1
http://www.lirmm.fr/numev/,1
http://www.lirmm.fr/users/utilisateurs-lirmm/robin-passama,1
http://www.lirmm.fr/users/utilisateurs-lirmm/olivier-tempier,1
https://www.lirmm.fr/users/utilisateurs-lirmm/marc-gouttefarde,1
http://www.lirmm.fr/users/utilisateurs-lirmm/pascal-lepinay,1
http://www.lirmm.fr/recherche/plateformes/plateforme-microelectronique/mic-autres,1
http://www.lirmm.fr/recherche/plateformes/plateforme-microelectronique/securite-cyber-physique,1
http://www.lirmm.fr/lirmm_eng/research/teams/smarties%20,1
http://www.lirmm.fr/lirmm_eng/research/teams/test%20,1
http://www.lirmm.fr/lirmm_eng/recherche/equipes/adac%20,1
http://www.lirmm.fr/texte/index.php?option=com_content&view=article&id=57&Itemid=59&lang=fr,1
http://www.lirmm.fr/recherche/departements/info/poles-de-recherche/ia,1
http://www.lirmm.fr/~semindoc/,1
https://www.lirmm.fr/arith/wiki/GT/GroupeDeTravail,1
http://www.lirmm.fr/recherche/equipes/mab/seminaires-de-bioinformatique,1
https://www.lirmm.fr/arith/wiki/Arith/Logiciels%20,1
http://www.lirmm.fr/texte/index.php?option=com_content&view=article&id=49&Itemid=41&lang=fr,2
http://www.lirmm.fr/recherche/equipes/advanse,1
http://www.lirmm.fr/escape/gdt/,1
https://www.lirmm.fr/dexterwide,1
http://www.lirmm.fr/cogiro/,1
http://www.lirmm.fr/recherche/equipes/dexter,2
http://www.lirmm.fr/lirmm_eng/recherche/departements/rob,1
https://www.lirmm.fr/users/utilisateurs-lirmm/laurent-de-knyff,2
https://www.lirmm.fr/users/utilisateurs-lirmm/thierry-gil,1
https://www.lirmm.fr/users/utilisateurs-lirmm/beatrice-pradarelli,1
https://www.lirmm.fr/users/utilisateurs-lirmm/jeremie-salles,1
http://www.lirmm.fr/users/utilisateurs-lirmm/pascal-benoit,1
http://www.lirmm.fr/users/utilisateurs-lirmm/florent-bruguier,1
http://www.lirmm.fr/users/utilisateurs-lirmm/philippe-maurine,1
http://www.lirmm.fr/le-lirmm/organisation/les-services/comm,4
http://www.lirmm.fr/lirmm_eng/innovation/partnerships,4
http://www.lirmm.fr/lirmm_eng/innovation/supporting-innovative-start-ups,19
http://www.lirmm.fr/lirmm_eng/lirmm-lab/jobs,19
http://www.lirmm.fr/texte/index.php?option=com_content&view=article&id=57&Itemid=59&lang=en,1
http://www.lirmm.fr/texte/,3
http://www.lirmm.fr/,29
http://www.lirmm.fr/escape/,4
http://www.lirmm.fr/~richomme/,1
https://www.lirmm.fr/arith/wiki/,1
http://www.lirmm.fr/recherche/equipes/mab,1
http://www.lirmm.fr/texte/index.php?option=com_content&view=article&id=49&Itemid=41&lang=en,1
http://www.lirmm.fr/dexterwide,1
http://www.lirmm.fr/le-lirmm/organisation/les-services,1
http://www.lirmm.fr/lirmm_eng,1
http://www.lirmm.fr/lirmm_eng/innovation,1
http://www.lirmm.fr/lirmm_eng/recherche/equipes/adac,1
http://www.textmining.biz/Staff/Roche/,2
http://www.lirmm.fr/texte/index.php?lang=fr,1
http://www.lirmm.fr/texte/index.php?lang=en,2
http://www.lirmm.fr/~lafourcade/,2
http://www.lirmm.fr/escape/projects.html,1
http://www.lirmm.fr/escape/members.html,2
http://www.lirmm.fr/escape/index.html,3
http://www.lirmm.fr/escape/conferences.html,4
http://www.lirmm.fr/~poupet/,2
http://www.lirmm.fr/~richomme/CV/responsabilites.html,4
http://www.lirmm.fr/~richomme/CV/publicationsGwenaelRichomme.html,4
http://www.lirmm.fr/~richomme/Enseignements/index.html,4
http://www.lirmm.fr/recherche/equipes/escape,2
http://www.lirmm.fr/xml/fr/0014-28.html,1
http://www.lirmm.fr/recherche/equipes/eco,2
http://www.lirmm.fr/~imbert/,3
http://www.lirmm.fr/lirmm_eng/lirmm-lab/presentation,1
http://www.lirmm.fr/lirmm_eng/recherche/equipes,1
http://www.lirmm.fr/lirmm_eng/research/plateformes/plateforme-informatique,1
http://www.lirmm.fr/lirmm_eng/recherche/plateformes/plateforme-robotique,1
http://www.lirmm.fr/lirmm_eng/research/plateformes/plateforme-microelectronique,1
http://www.lirmm.fr/lirmm_eng/recherche/departements/info,1
http://www.lirmm.fr/lirmm_eng/recherche/departements/mic,1
http://www.lirmm.fr/mtp/mtp.html,1
http://www.lirmm.fr/~ashen/nafit/nafit.html,1
http://www.lirmm.fr/~ashen/racaf/racaf.html,1
https://www.lirmm.fr/~poupet/,1
https://www.lirmm.fr/users/utilisateurs-lirmm/patrice-seebold,1
https://www.lirmm.fr/~ashen/,1
https://www.lirmm.fr/users/utilisateurs-lirmm/ruslan-ishkuvatov,1
https://www.lirmm.fr/users/utilisateurs-lirmm/emirhan-guerpinar,1
https://www.lirmm.fr/users/utilisateurs-lirmm/fabrice-philippe,1
https://www.lirmm.fr/~bdurand/,2
https://www.lirmm.fr/users/utilisateurs-lirmm/julien-destombes,1
https://www.lirmm.fr/~romashchen/,1
https://www.lirmm.fr/~richomme/,1
http://www.lirmm.fr/~poupet/enseignement/internet10.html,1
http://www.lirmm.fr/~poupet/recherche/publications.html,1
http://www.lirmm.fr/~poupet/enseignement/fdi06.html,1
http://www.lirmm.fr/~poupet/enseignement/automates04.html,1
http://www.lirmm.fr/~poupet/enseignement/complexite06.html,1
http://www.lirmm.fr/~poupet/enseignement/algo06.html,1
http://www.lirmm.fr/~poupet/enseignement/deci05.html,1
http://www.lirmm.fr/~poupet/enseignement/automates05.html,1
http://www.lirmm.fr/~poupet/enseignement/algo11.html,1
http://www.lirmm.fr/~poupet/recherche/these.html,1
http://www.lirmm.fr/~poupet/index-en.html,4
http://www.lirmm.fr/~poupet/index.html,13
https://www.lirmm.fr/arith/,2
http://www.lirmm.fr/~richomme/index.html,4
http://www.lirmm.fr/~richomme/CV/DescriptifsPublications/Ric2002b.html,1
http://www.lirmm.fr/~richomme/CV/DescriptifsPublications/RW2000.html,1
http://www.lirmm.fr/~richomme/CV/DescriptifsPublications/Ric1999a.html,1
http://www.lirmm.fr/~richomme/Conferences/WACaM/wacam.html,1
http://www.lirmm.fr/~richomme/CV/DescriptifsPublications/RW2002b.html,1
http://www.lirmm.fr/~richomme/CV/DescriptifsPublications/Ric2001.html,1
http://www.lirmm.fr/~richomme/CV/Publications/erratumBEATCS2004.html,1
http://www.lirmm.fr/~richomme/CV/DescriptifsPublications/RW2002c.html,1
http://www.lirmm.fr/~richomme/CV/DescriptifsPublications/KR2001.html,1
http://www.lirmm.fr/~richomme/CV/DescriptifsPublications/MRW1995.html,1
http://www.lirmm.fr/~richomme/CV/DescriptifsPublications/Ric1994.html,1
http://www.lirmm.fr/~richomme/CV/DescriptifsPublications/Ric1999b.html,1
http://www.lirmm.fr/~richomme/CV/Publications/remarqueSurHDR.html,1
http://www.lirmm.fr/~richomme/CV/DescriptifsPublications/MR1994.html,1
http://www.lirmm.fr/~richomme/CV/DescriptifsPublications/Ric2002.html,1
http://www.lirmm.fr/~richomme/CV/DescriptifsPublications/RW2002.html,1
http://www.lirmm.fr/~richomme/CV/DescriptifsPublications/RS1999.html,1
http://www.lirmm.fr/~richomme/CV/DescriptifsPublications/MR1995.html,1
http://www.lirmm.fr/~richomme/Enseignements/Mots/index.html,1
http://www.lirmm.fr/users/utilisateurs-lirmm/laurent-imbert,1
https://www.lirmm.fr/eco/,2
http://www.lirmm.fr/~imbert/laurent_imbert_pub_key_4A5CD820,1
http://www.lirmm.fr/lirmm_eng/research/plateformes/microelectronics-platform/mic-autres,1
http://www.lirmm.fr/lirmm_eng/research/plateformes/microelectronics-platform/cyber-physical-security,1
https://www.lirmm.fr/arith/wiki/MathInfo2010/Multi-dimensionalSubshiftsAndTilings,2
https://www.lirmm.fr/arith/wiki/MathInfo2010/DynamicsAndComputation,2
http://www.lirmm.fr/~ashen/racaf/racaf-conf.html,1
https://www.lirmm.fr/~poupet/recherche/publications.html,1
https://www.lirmm.fr/~poupet/enseignement/algo11.html,1
https://www.lirmm.fr/~poupet/index-en.html,4
https://www.lirmm.fr/~poupet/enseignement/complexite06.html,2
https://www.lirmm.fr/~poupet/enseignement/internet10.html,2
https://www.lirmm.fr/~poupet/enseignement/automates05.html,2
https://www.lirmm.fr/~poupet/enseignement/automates04.html,2
https://www.lirmm.fr/~poupet/enseignement/fdi06.html,2
https://www.lirmm.fr/~poupet/enseignement/deci05.html,2
https://www.lirmm.fr/~poupet/enseignement/algo06.html,2
https://www.lirmm.fr/~poupet/recherche/these.html,1
https://www.lirmm.fr/~poupet/index.html,13
https://www.lirmm.fr/~ashen/alexander-shen.narod.ru/index.html,1
http://www.lirmm.fr/~ashen/,2
http://www.lirmm.fr/xml/fr/lirmm.html,2
http://www.lirmm.fr/~kaced/,2
https://www.lirmm.fr/~ashen/publications.html,1
http://www.lirmm.fr/~bdurand/,2
http://www.lirmm.fr/~bdurand/cn7/,2
https://www.lirmm.fr/users/utilisateurs-lirmm/gregory-lafitte,1
https://www.lirmm.fr/escape/,1
https://www.lirmm.fr/~romashchen/papers.html,1
https://www.lirmm.fr/~romashchen/cours/it2019.html,1
https://www.lirmm.fr/~romashchen/stages.html,1
https://www.lirmm.fr/~poupet/enseignement/langages15.php,1
https://www.lirmm.fr/~romashchen/cours/it2020.html,1
https://www.lirmm.fr/~richomme/CV/publicationsGwenaelRichomme.html,3
https://www.lirmm.fr/~richomme/Enseignements/index.html,3
https://www.lirmm.fr/~richomme/CV/responsabilites.html,3
http://www.lirmm.fr/~poupet/recherche/publications-en.html,2
http://www.lirmm.fr/~poupet/recherche/these-en.html,2
https://www.lirmm.fr/eco/index.php,1
https://www.lirmm.fr/eco/seminar.php,2
https://www.lirmm.fr/eco/publications.php,3
https://www.lirmm.fr/eco/projects.php,4
https://www.lirmm.fr/eco/members.php,5
https://www.lirmm.fr/eco/trainings.php,6
https://www.lirmm.fr/eco/softwares.php,7
https://www.lirmm.fr/~poupet/recherche/publications-en.html,2
https://www.lirmm.fr/~poupet/recherche/these-en.html,2
https://www.lirmm.fr/~ashen/alexander-shen.narod.ru/ege2.html,1
https://www.lirmm.fr/~ashen/alexander-shen.narod.ru/letter-ippi.html,1
https://www.lirmm.fr/~ashen/alexander-shen.narod.ru/letter.html,2
https://www.lirmm.fr/~ashen/alexander-shen.narod.ru/letter2-ippi.html,1
https://www.lirmm.fr/~ashen/alexander-shen.narod.ru/skvorcova.html,1
https://www.lirmm.fr/~ashen/alexander-shen.narod.ru/alf.html,1
https://www.lirmm.fr/~ashen/alexander-shen.narod.ru/olymp.html,1
https://www.lirmm.fr/~ashen/alexander-shen.narod.ru/pirats.html,1
http://www.lirmm.fr/~ashen/publications.html,1
http://www.lirmm.fr/~ashen/alexander-shen.narod.ru/index.html,1
https://www.lirmm.fr/~ashen/nafit/nafit.html,1
https://www.lirmm.fr/~ashen/racaf/racaf.html,1
http://www.lirmm.fr/~bdurand/cn7/docs.html,1
http://www.lirmm.fr/~bdurand/cn7/result10.html,2
http://www.lirmm.fr/~bdurand/cn7/instructions10.html,3
http://www.lirmm.fr/~bdurand/cn7/conseils.html,4
http://www.lirmm.fr/~bdurand/cn7/2011.html,5
http://www.lirmm.fr/~bdurand/cn7/2010.html,6
http://www.lirmm.fr/~bdurand/cn7/result09.html,7
http://www.lirmm.fr/~bdurand/cn7/result12.html,8
http://www.lirmm.fr/~bdurand/cn7/conseils10.html,9
http://www.lirmm.fr/~bdurand/cn7/www.lirmm.fr/~bdurand/cn7/docs.html,1
http://www.lirmm.fr/~bdurand/cn7/result11.html,10
http://www.lirmm.fr/~bdurand/cn7/2009.html,11
http://www.lirmm.fr/~bdurand/cn7/2012.html,12
http://www.lirmm.fr/~bdurand/cn7/compo.html,13
http://www.lirmm.fr/~bdurand/cn7/instructions.html,14
http://www.lirmm.fr/~bdurand/cn7/bibliometrie.html,15
http://www.lirmm.fr/~bdurand/cn7/vote.html,16
http://www.lirmm.fr/~bdurand/cn7/index.html,17
https://www.lirmm.fr/escape/members.html,1
https://www.lirmm.fr/escape/index.html,2
https://www.lirmm.fr/escape/projects.html,3
https://www.lirmm.fr/escape/conferences.html,4
https://www.lirmm.fr/~romashchen/index.html,1
https://www.lirmm.fr/~richomme/CV/DescriptifsPublications/RW2000.html,1
https://www.lirmm.fr/~richomme/CV/DescriptifsPublications/KR2001.html,1
https://www.lirmm.fr/~richomme/CV/DescriptifsPublications/RW2002c.html,1
https://www.lirmm.fr/~richomme/CV/DescriptifsPublications/Ric1999b.html,1
https://www.lirmm.fr/~richomme/CV/DescriptifsPublications/RW2002b.html,1
https://www.lirmm.fr/~richomme/index.html,3
https://www.lirmm.fr/~richomme/CV/DescriptifsPublications/MRW1995.html,1
https://www.lirmm.fr/~richomme/Conferences/WACaM/wacam.html,1
https://www.lirmm.fr/~richomme/CV/DescriptifsPublications/MR1995.html,1
https://www.lirmm.fr/~richomme/CV/DescriptifsPublications/Ric2002b.html,1
https://www.lirmm.fr/~richomme/CV/DescriptifsPublications/RW2002.html,1
https://www.lirmm.fr/~richomme/CV/Publications/erratumBEATCS2004.html,1
https://www.lirmm.fr/~richomme/CV/Publications/remarqueSurHDR.html,1
https://www.lirmm.fr/~richomme/CV/DescriptifsPublications/Ric2002.html,1
https://www.lirmm.fr/~richomme/CV/DescriptifsPublications/Ric2001.html,1
https://www.lirmm.fr/~richomme/CV/DescriptifsPublications/RS1999.html,1
https://www.lirmm.fr/~richomme/CV/DescriptifsPublications/Ric1999a.html,1
https://www.lirmm.fr/~richomme/CV/DescriptifsPublications/Ric1994.html,1
https://www.lirmm.fr/~richomme/CV/DescriptifsPublications/MR1994.html,1
https://www.lirmm.fr/~richomme/Enseignements/Mots/index.html,1
https://www.lirmm.fr/armelle-perret-du-cray/,1
http://www.lirmm.fr/~grenet/,1
http://www.lirmm.fr/~laguillaum/,1
http://www.lirmm.fr/~lebreton/,1
http://www.lirmm.fr/~giorgi/,1
http://www.lirmm.fr/~ashen/alexander-shen.narod.ru/pirats.html,1
http://www.lirmm.fr/~ashen/alexander-shen.narod.ru/letter-ippi.html,1
http://www.lirmm.fr/~ashen/alexander-shen.narod.ru/ege2.html,1
http://www.lirmm.fr/~ashen/alexander-shen.narod.ru/olymp.html,1
http://www.lirmm.fr/~ashen/alexander-shen.narod.ru/letter2-ippi.html,1
http://www.lirmm.fr/~ashen/alexander-shen.narod.ru/skvorcova.html,1
http://www.lirmm.fr/~ashen/alexander-shen.narod.ru/alf.html,1
http://www.lirmm.fr/~ashen/alexander-shen.narod.ru/letter.html,1
https://www.lirmm.fr/~ashen/racaf/racaf-conf.html,1
http://www.lirmm.fr/~dombre/,1
